{
  "decision_threshold": 0.3750905394554138,
  "f1": 0.375,
  "f2": 0.3917910447761194,
  "fbeta": 0.36764705882352944,
  "precision": 0.35,
  "predicted_positive_rate": 0.25157232704402516,
  "recall": 0.40384615384615385,
  "roc_auc": 0.7166554959785523,
  "threshold_beta": 0.75,
  "validation_positive_rate_cap": 0.3060796645702306
}
