{
  "decision_threshold": 0.3802664577960968,
  "f1": 0.4297520661157025,
  "f2": 0.45454545454545453,
  "fbeta": 0.4190844616376531,
  "precision": 0.3939393939393939,
  "predicted_positive_rate": 0.2857142857142857,
  "recall": 0.4727272727272727,
  "roc_auc": 0.7208935950413224,
  "threshold_beta": 0.75,
  "validation_positive_rate_cap": 0.29653679653679654
}
