{
  "decision_threshold": 0.378724068403244,
  "f1": 0.41739130434782606,
  "f2": 0.43087971274685816,
  "fbeta": 0.411381556393555,
  "precision": 0.39669421487603307,
  "predicted_positive_rate": 0.2619047619047619,
  "recall": 0.44036697247706424,
  "roc_auc": 0.726784832497336,
  "threshold_beta": 0.75,
  "validation_positive_rate_cap": 0.29653679653679654
}
