{
  "decision_threshold": 0.3840698003768921,
  "f1": 0.4444444444444444,
  "f2": 0.44905008635578586,
  "fbeta": 0.4423273222184416,
  "precision": 0.4369747899159664,
  "predicted_positive_rate": 0.2603938730853392,
  "recall": 0.45217391304347826,
  "roc_auc": 0.7258454106280193,
  "threshold_beta": 0.75,
  "validation_positive_rate_cap": 0.2910284463894967
}
